{
  "categories": [
    {
      "id": 1,
      "category": "Wedding",
      "images": [
        "https://images.unsplash.com/photo-1519741497674-611481863552?w=800&h=600&fit=crop&crop=center",
        "https://images.unsplash.com/photo-1537633552985-df8429e8048b?w=800&h=600&fit=crop&crop=center",
        "https://images.unsplash.com/photo-1606216794074-735e91aa2c92?w=800&h=600&fit=crop&crop=center",
        "https://images.unsplash.com/photo-1511285560929-80b456fea0bc?w=800&h=600&fit=crop&crop=center",
        "https://images.unsplash.com/photo-1583939003579-730e3918a45a?w=800&h=600&fit=crop&crop=center",
        "https://images.unsplash.com/photo-1465495976277-4387d4b0e4a6?w=800&h=600&fit=crop&crop=center",
        "https://images.unsplash.com/photo-1520854221256-17451cc331bf?w=800&h=600&fit=crop&crop=center",
        "https://images.unsplash.com/photo-1522673607200-164d1b6ce486?w=800&h=600&fit=crop&crop=center",
        "https://images.unsplash.com/photo-1478146896981-b80fe463b330?w=800&h=600&fit=crop&crop=center",
        "https://images.unsplash.com/photo-1595476108010-b4d1f102b1b1?w=800&h=600&fit=crop&crop=center" 
          ]
    },
    {
      "id": 2,
      "category": "Portrait",
      "images": [
        "https://images.unsplash.com/photo-1494790108755-2616c98ff0b1?w=800&h=600&fit=crop&crop=face",
        "https://images.unsplash.com/photo-1507003211169-0a1dd7228f2d?w=800&h=600&fit=crop&crop=face",
        "https://images.unsplash.com/photo-1489424731084-a5d8b219a5bb?w=800&h=600&fit=crop&crop=face",
        "https://images.unsplash.com/photo-1534528741775-53994a69daeb?w=800&h=600&fit=crop&crop=face",
        
        "https://images.unsplash.com/photo-1438761681033-6461ffad8d80?w=800&h=600&fit=crop&crop=face",
        "https://images.unsplash.com/photo-1472099645785-5658abf4ff4e?w=800&h=600&fit=crop&crop=face",
        "https://images.unsplash.com/photo-1500648767791-00dcc994a43e?w=800&h=600&fit=crop&crop=face",
        "https://images.unsplash.com/photo-1517841905240-472988babdf9?w=800&h=600&fit=crop&crop=face",
        "https://images.unsplash.com/photo-1545167622-3a6ac756afa4?w=800&h=600&fit=crop&crop=face"
        
           ]
    },
    {
      "id": 3,
      "category": "Events",
      "images": [
        "https://images.unsplash.com/photo-1492684223066-81342ee5ff30?w=800&h=600&fit=crop&crop=center",
        "https://images.unsplash.com/photo-1530103862676-de8c9debad1d?w=800&h=600&fit=crop&crop=center",
        "https://images.unsplash.com/photo-1514525253161-7a46d19cd819?w=800&h=600&fit=crop&crop=center",
        "https://images.unsplash.com/photo-1533174072545-7a4b6ad7a6c3?w=800&h=600&fit=crop&crop=center",
        "https://images.unsplash.com/photo-1571019613454-1cb2f99b2d8b?w=800&h=600&fit=crop&crop=center",
        "https://images.unsplash.com/photo-1501281668745-f7f57925c3b4?w=800&h=600&fit=crop&crop=center",
        "https://images.unsplash.com/photo-1556035511-3168381ea4d4?w=800&h=600&fit=crop&crop=center",
        "https://images.unsplash.com/photo-1540575467063-178a50c2df87?w=800&h=600&fit=crop&crop=center",
        "https://images.unsplash.com/photo-1524863479829-916d8e77f114?w=800&h=600&fit=crop&crop=center",
        "https://images.unsplash.com/photo-1511578314322-379afb476865?w=800&h=600&fit=crop&crop=center",
        "https://images.unsplash.com/photo-1563261354-cf49c918fdfd?w=800&h=600&fit=crop&crop=center"
        
        
        
        
        
      ]
    }
  ]
}